model,precision,recall,f1,roc_auc
Isolation Forest,1.0,0.4482758620689655,0.6190476190476191,0.9288442533187318
One-Class SVM,0.06862745098039216,0.2413793103448276,0.10687022900763359,0.8626031678196533
Local Outlier Factor,0.0,0.0,0.0,0.4601217981249499
Baseline (prag USB),1.0,0.5172413793103449,0.6818181818181818,0.9310344827586207
