model,precision,recall,f1,roc_auc
Isolation Forest,1.0,0.4827586206896552,0.6511627906976745,0.9878201875050081
One-Class SVM,0.44,0.3793103448275862,0.4074074074074074,0.9665589358690136
Local Outlier Factor,0.07142857142857142,0.034482758620689655,0.046511627906976744,0.9088116669782846
Baseline (prag USB),1.0,0.5172413793103449,0.6818181818181818,0.9310344827586207
